{"PR":{"mode":850.0,"median":650.0,"mean":648.9612940497,"std":98.6071859131},"RS":{"mode":850.0,"median":650.0,"mean":651.1051428571,"std":95.1365984138},"SC":{"mode":850.0,"median":653.0,"mean":649.5376527423,"std":97.2334927934}}